timestamp,name,patient_id,pregnancies,glucose,bloodpressure,skinthickness,insulin,bmi,dpf,age,probability,risk_level
2026-02-20 14:14:47.882369,flower,11,0,80,70,20,80,22,0.2,25,53.0,Moderate Risk
2026-02-20 14:23:14.795654,douza,11,0,80,70,20,80,22,0.2,25,53.0,Moderate Risk
2026-02-20 14:32:28.500018,douza,11,0,80,70,20,80,22,0.2,25,53.0,Moderate Risk
2026-02-20 14:37:56.580434,douza,11,0,80,70,20,80,22,0.2,25,53.0,Moderate Risk
2026-02-20 14:40:38.050973,douza,11,0,80,70,20,80,22,0.2,25,53.0,Moderate Risk
2026-02-20 14:45:53.125328,douza,11,0,80,70,20,80,22,0.2,25,53.0,Moderate Risk
2026-02-20 14:47:11.900535,douza,11,0,80,70,20,80,22,0.2,25,53.0,Moderate Risk
2026-02-20 14:56:31.778827,douza,11,0,80,70,20,80,22,0.2,25,53.0,Moderate Risk
2026-02-26 19:48:28.352756,douza,11,0,80,70,20,80,22,0.2,25,53.0,Moderate Risk
2026-03-02 18:08:59.008004,Erica ,11,88,60,70,30,20,80,0.2,40,52.0,Moderate Risk
2026-03-02 18:09:18.133712,Erica ,11,88,60,70,30,20,80,0.2,40,52.0,Moderate Risk
2026-03-02 18:09:19.713162,Erica ,11,88,60,70,30,20,80,0.2,40,52.0,Moderate Risk
